FY26 TR Summary,,,,,,,,
Name,Jason Mendes,Office,Mumbai,Current Level:,,BTA,,
Counselor ,Manoj Wagh,Service Area/Line,GPS EAAS,Bare Minimum (Don't Update):,,Utilization,95%,
Hire Date (m/d/yyyy),30-Mar-20,Last Promotion,01-Jun-22,,,CE Hours,8,
Target Milestone Date,NA,Progress against target,On Track (OT),,,CE Level,"Advanced, Mastery - Overall, Mastery- Exempt",
Utilization (%),NA,Adj. Utilization (%),NA,,,Time Sheet Compliance %,95%,
CE Training (Hrs),NA,Firm Activities (Hrs),175,,,Availability Forecast %,80%,
CED Training (Hrs),NA,CE Proficiency Level,Mastery - Overall,,,CED Training Hrs,40,
Deloitte Tenure,"6 year, 6 months",STAFFIT,100%,,,,,
Resume Compliance,Yes,Skills Compliance,Yes,,,,,
Experience,12.2 Years,Late time reports,,Performance scatterplot,,,.,
Utilization,,Learning Hours,,TOD,,,.,
Engagement Performance Summary,,,,,,,,
Client Billable Projects,,,,,,,,
Client Name,Project/Engagement Title,Role,Hours,Rating,Primary Reviewer,Start Date,End Date,Secondoary Reviewer
State of Mississippi,MS Child Support,L45 - Software Engineer III,301,,Nelson Cheruvathur,11-Jan-26,06-Mar-26,
State of Mississippi,MS Child Support,L45 - Software Engineer III,269,,Nelson Cheruvathur,07-Mar-26,30-Apr-26,
State of Mississippi,MS Child Support,L45 - Software Engineer III,357,,Nelson Cheruvathur,01-May-26,26-Jun-26,
State of Mississippi,MS Child Support,L45 - Software Engineer III,338,,Nelson Cheruvathur,27-Jun-26,21-Aug-26,
,,,,,,,,
,,,1265,,,,,
,,,,,,,,
Firm Contributions,,,,,,,,
Activity,,Start Date,End Date,,Primary Contact,Role,Hours,
Future of Design,,18-Mar-26,30-Jun-26,,Rajiv Jha,Contributor,130,
GPS Industry Proficiency - Child Support,,1-Jun-26,28-Jul-26,,Manvin Juneja,Contributor,45,
,,,,,,,175,
,,,,,,,,
Rewards and Recognitions,,,,,,,,
Award,Date,By,For,,,,,
Applause Award,Feb-26,Nelson Cheruvathur,MS Child Support,,,,,
,,,,,,,,
,,,,,,,,
,,,,,,,,
,,,,,,,,
Appreciation Emails,,,,,,,,
Date,By,For,,,,,,
12-08-2026,"Kumar, Mritunjay",Work using GenAI,,,,,,
,,,,,,,,
,,,,,,,,
,,,,,,,,
,,,,,,,,
Counselee Script,,,,,,,,
,,,,,,,,
Other feedback providers - Contact Information,,,,,,,,
Name,Office Location/Time Zone,Phone Office/Mobile,Contact email,,,Context for Feedback,,
,,,,,,,,
,,,,,,,,
,,,,,,,,
,,,,,,,,
,,,,,,,,
Client Impact - Uploaded on sharepoint,,,,,,,,
,,,,,,,,
,,,,,,,,
,,,,,,,,
,,,,,,,,
Firm Impact - Uploaded on sharepoint,,,,,,,,
,,,,,,,,
,,,,,,,,
,,,,,,,,
,,,,,,,,
Other feedback providers - Contact Information,,,,,,,,
Name,Office Location/Time Zone,Phone Office/Mobile,Contact email,,,Context for Feedback,,
,,,,,,,,
,,,,,,,,
,,,,,,,,
,,,,,,,,
,,,,,,,,
,,,,,,,,
Trainings,,,,,,,,
Sr. No.,Name,Status,,,,,,
1,AI Assist Tool - Training,Completed,,,,,,
2,GPS GenAI Essencial Courses,"Completed - GPS GenAI Essential, Sidekick, Sidekick & Resources, Microsoft 365 prompting, M365 Copilot, Micosoft Copilot Masterclass, GPS Agentic AI Essentials",,,,,,
3,Generative AI - Specialist 201,In Progress,,,,,,
